id,Runs,Against,Position,Innings,Venue,Ground,Date_x,Result,season,city,Date_y,team1,team2,toss_winner,toss_decision,result,dl_applied,winner,win_by_runs,win_by_wickets,player_of_match,venue,umpire1,umpire2
1,107, Sri Lanka,4,2,"Eden Gardens, Kolkata",Home,2009-12-24,Won,2017,Hyderabad,2017-04-05,Sunrisers Hyderabad,Royal Challengers Bangalore,Royal Challengers Bangalore,field,normal,0,Sunrisers Hyderabad,35,0,Yuvraj Singh,"Rajiv Gandhi International Stadium, Uppal",AY Dandekar,NJ Llong
2,102* , Bangladesh,3,2,"Sher-e-Bangla Cricket Stadium, Dhaka",Away,2010-01-11,Won,2017,Pune,2017-04-06,Mumbai Indians,Rising Pune Supergiant,Rising Pune Supergiant,field,normal,0,Rising Pune Supergiant,0,7,SPD Smith,Maharashtra Cricket Association Stadium,A Nand Kishore,S Ravi
3,118, Australia,3,2,"APCA-VDCA Stadium, Visakhapatnam",Home,2010-10-20,Won,2017,Rajkot,2017-04-07,Gujarat Lions,Kolkata Knight Riders,Kolkata Knight Riders,field,normal,0,Kolkata Knight Riders,0,10,CA Lynn,Saurashtra Cricket Association Stadium,Nitin Menon,CK Nandan
4,105, New Zealand,3,1,"Nehru Stadium, Guwahati",Home,2010-11-28,Won,2017,Indore,2017-04-08,Rising Pune Supergiant,Kings XI Punjab,Kings XI Punjab,field,normal,0,Kings XI Punjab,0,6,GJ Maxwell,Holkar Cricket Stadium,AK Chaudhary,C Shamshuddin
5,100*, Bangladesh,4,1,"Sher-e-Bangla Cricket Stadium, Dhaka",Away,2011-02-19,Won,2017,Bangalore,2017-04-08,Royal Challengers Bangalore,Delhi Daredevils,Royal Challengers Bangalore,bat,normal,0,Royal Challengers Bangalore,15,0,KM Jadhav,M Chinnaswamy Stadium,AK Chaudhary,C Shamshuddin
6,107, England,4,1,"Sophia Gardens, Cardiff",Away,2011-09-16,Lost (D/L),2017,Hyderabad,2017-04-09,Gujarat Lions,Sunrisers Hyderabad,Sunrisers Hyderabad,field,normal,0,Sunrisers Hyderabad,0,9,Rashid Khan,"Rajiv Gandhi International Stadium, Uppal",A Deshmukh,NJ Llong
7,112* , England,4,2,"Feroz Shah Kotla Ground, Delhi",Home,2011-10-17,Won,2017,Mumbai,2017-04-09,Kolkata Knight Riders,Mumbai Indians,Mumbai Indians,field,normal,0,Mumbai Indians,0,4,N Rana,Wankhede Stadium,Nitin Menon,CK Nandan
8,117, West Indies,4,2,"APCA-VDCA Stadium, Visakhapatnam",Home,2011-12-02,Won,2017,Indore,2017-04-10,Royal Challengers Bangalore,Kings XI Punjab,Royal Challengers Bangalore,bat,normal,0,Kings XI Punjab,0,8,AR Patel,Holkar Cricket Stadium,AK Chaudhary,C Shamshuddin
9,116, Australia,6,2,"Adelaide Oval, Adelaide",Away,2012-01-24,Lost,2017,Pune,2017-04-11,Delhi Daredevils,Rising Pune Supergiant,Rising Pune Supergiant,field,normal,0,Delhi Daredevils,97,0,SV Samson,Maharashtra Cricket Association Stadium,AY Dandekar,S Ravi
10,133* , Sri Lanka,4,2,"Bellerive Oval, Hobart",Neutral,2012-02-28,Won,2017,Mumbai,2017-04-12,Sunrisers Hyderabad,Mumbai Indians,Mumbai Indians,field,normal,0,Mumbai Indians,0,4,JJ Bumrah,Wankhede Stadium,Nitin Menon,CK Nandan
11,108, Sri Lanka,3,1,"Sher-e-Bangla Cricket Stadium, Dhaka",Neutral,2012-03-13,Won,2017,Kolkata,2017-04-13,Kings XI Punjab,Kolkata Knight Riders,Kolkata Knight Riders,field,normal,0,Kolkata Knight Riders,0,8,SP Narine,Eden Gardens,A Deshmukh,NJ Llong
12,183, Pakistan,3,2,"Sher-e-Bangla Cricket Stadium, Dhaka",Neutral,2012-03-18,Won,2017,Bangalore,2017-04-14,Royal Challengers Bangalore,Mumbai Indians,Mumbai Indians,field,normal,0,Mumbai Indians,0,4,KA Pollard,M Chinnaswamy Stadium,KN Ananthapadmanabhan,AK Chaudhary
13,106, Sri Lanka,3,1,"MRIC Stadium, Hambantota",Away,2012-07-21,Won,2017,Rajkot,2017-04-14,Rising Pune Supergiant,Gujarat Lions,Gujarat Lions,field,normal,0,Gujarat Lions,0,7,AJ Tye,Saurashtra Cricket Association Stadium,A Nand Kishore,S Ravi
14,128*, Sri Lanka,3,2,"R. Premadasa Stadium, Colombo",Away,2012-07-31,Won,2017,Kolkata,2017-04-15,Kolkata Knight Riders,Sunrisers Hyderabad,Sunrisers Hyderabad,field,normal,0,Kolkata Knight Riders,17,0,RV Uthappa,Eden Gardens,AY Dandekar,NJ Llong
15,103, New Zealand,5,2,"M. Chinnaswamy Stadium, Bangalore",Home,2012-08-31,Won,2017,Delhi,2017-04-15,Delhi Daredevils,Kings XI Punjab,Delhi Daredevils,bat,normal,0,Delhi Daredevils,51,0,CJ Anderson,Feroz Shah Kotla,YC Barde,Nitin Menon
16,103, England,5,2,"Vidarbha Cricket Association Stadium, Nagpur",Home,2012-12-13,Drawn,2017,Mumbai,2017-04-16,Gujarat Lions,Mumbai Indians,Mumbai Indians,field,normal,0,Mumbai Indians,0,6,N Rana,Wankhede Stadium,A Nand Kishore,S Ravi
17,107, Australia,5,2,"M. A. Chidambaram Stadium, Chennai",Home,2013-02-22,Won,2017,Bangalore,2017-04-16,Rising Pune Supergiant,Royal Challengers Bangalore,Royal Challengers Bangalore,field,normal,0,Rising Pune Supergiant,27,0,BA Stokes,M Chinnaswamy Stadium,KN Ananthapadmanabhan,C Shamshuddin
18,102, West Indies,3,1,"Queen's Park Oval, Port of Spain",Away,2013-07-05,Won (D/L),2017,Delhi,2017-04-17,Delhi Daredevils,Kolkata Knight Riders,Delhi Daredevils,bat,normal,0,Kolkata Knight Riders,0,4,NM Coulter-Nile,Feroz Shah Kotla,Nitin Menon,CK Nandan
19,115, Zimbabwe,3,2,"Harare Sports Club, Harare",Away,2013-07-24,Won,2017,Hyderabad,2017-04-17,Sunrisers Hyderabad,Kings XI Punjab,Kings XI Punjab,field,normal,0,Sunrisers Hyderabad,5,0,B Kumar,"Rajiv Gandhi International Stadium, Uppal",AY Dandekar,A Deshmukh
20,100*, Australia,3,2,"Sawai Mansingh Stadium, Jaipur",Home,2013-10-16,Won,2017,Rajkot,2017-04-18,Royal Challengers Bangalore,Gujarat Lions,Gujarat Lions,field,normal,0,Royal Challengers Bangalore,21,0,CH Gayle,Saurashtra Cricket Association Stadium,S Ravi,VK Sharma
21,115* , Australia,3,2,"VCA Stadium, Nagpur",Home,2013-10-30,Won,2017,Hyderabad,2017-04-19,Sunrisers Hyderabad,Delhi Daredevils,Sunrisers Hyderabad,bat,normal,0,Sunrisers Hyderabad,15,0,KS Williamson,"Rajiv Gandhi International Stadium, Uppal",CB Gaffaney,NJ Llong
22,119, South Africa,4,1,"Wanderers Stadium, Johannesburg",Away,2013-12-18,Drawn,2017,Indore,2017-04-20,Kings XI Punjab,Mumbai Indians,Mumbai Indians,field,normal,0,Mumbai Indians,0,8,JC Buttler,Holkar Cricket Stadium,M Erasmus,C Shamshuddin
23,123, New Zealand,3,2,"McLean Park, Napier",Away,2014-01-19,Lost,2017,Kolkata,2017-04-21,Kolkata Knight Riders,Gujarat Lions,Gujarat Lions,field,normal,0,Gujarat Lions,0,4,SK Raina,Eden Gardens,CB Gaffaney,Nitin Menon
24,105*, New Zealand,4,4,"Basin Reserve, Wellington",Away,2014-02-14,Drawn,2017,Mumbai,2017-04-22,Mumbai Indians,Delhi Daredevils,Delhi Daredevils,field,normal,0,Mumbai Indians,14,0,MJ McClenaghan,Wankhede Stadium,A Nand Kishore,S Ravi
25,136, Bangladesh,3,2,"Khan Shaheb Osman Ali Stadium, Fatullah",Away,2014-02-26,Won,2017,Pune,2017-04-22,Sunrisers Hyderabad,Rising Pune Supergiant,Rising Pune Supergiant,field,normal,0,Rising Pune Supergiant,0,6,MS Dhoni,Maharashtra Cricket Association Stadium,AY Dandekar,A Deshmukh
26,127, West Indies,3,1,"HPCA Stadium, Dharamshala",Home,2014-10-17,Won,2017,Rajkot,2017-04-23,Kings XI Punjab,Gujarat Lions,Gujarat Lions,field,normal,0,Kings XI Punjab,26,0,HM Amla,Saurashtra Cricket Association Stadium,AK Chaudhary,M Erasmus
27,139* , Sri Lanka,4,2,"JSCA International Stadium, Ranchi",Home,2014-11-16,Won,2017,Kolkata,2017-04-23,Kolkata Knight Riders,Royal Challengers Bangalore,Royal Challengers Bangalore,field,normal,0,Kolkata Knight Riders,82,0,NM Coulter-Nile,Eden Gardens,CB Gaffaney,CK Nandan
28,115, Australia,4,2,"Adelaide Oval, Adelaide",Away,2014-12-09,Lost,2017,Mumbai,2017-04-24,Rising Pune Supergiant,Mumbai Indians,Mumbai Indians,field,normal,0,Rising Pune Supergiant,3,0,BA Stokes,Wankhede Stadium,A Nand Kishore,S Ravi
29,141, Australia,4,4,"Adelaide Oval, Adelaide",Away,2014-12-09,Lost,2017,Pune,2017-04-26,Rising Pune Supergiant,Kolkata Knight Riders,Kolkata Knight Riders,field,normal,0,Kolkata Knight Riders,0,7,RV Uthappa,Maharashtra Cricket Association Stadium,AY Dandekar,NJ Llong
30,169, Australia,4,2,"Melbourne Cricket Ground, Melbourne",Away,2014-12-26,Drawn,2017,Bangalore,2017-04-27,Royal Challengers Bangalore,Gujarat Lions,Gujarat Lions,field,normal,0,Gujarat Lions,0,7,AJ Tye,M Chinnaswamy Stadium,AK Chaudhary,C Shamshuddin
31,147, Australia,4,2,"Sydney Cricket Ground, Sydney",Away,2015-01-06,Drawn,2017,Kolkata,2017-04-28,Delhi Daredevils,Kolkata Knight Riders,Kolkata Knight Riders,field,normal,0,Kolkata Knight Riders,0,7,G Gambhir,Eden Gardens,NJ Llong,S Ravi
32,107, Pakistan,3,1,"Adelaide Oval, Adelaide",Neutral,2015-02-15,Won,2017,Chandigarh,2017-04-28,Sunrisers Hyderabad,Kings XI Punjab,Kings XI Punjab,field,normal,0,Sunrisers Hyderabad,26,0,Rashid Khan,"Punjab Cricket Association IS Bindra Stadium, Mohali",Nitin Menon,CK Nandan
33,103, Sri Lanka,4,2,"Galle International Stadium, Galle",Away,2015-08-12,Lost,2017,Pune,2017-04-29,Rising Pune Supergiant,Royal Challengers Bangalore,Royal Challengers Bangalore,field,normal,0,Rising Pune Supergiant,61,0,LH Ferguson,Maharashtra Cricket Association Stadium,KN Ananthapadmanabhan,M Erasmus
34,138, South Africa,3,1,"M. A. Chidambaram Stadium, Chennai",Home,2015-10-22,Won,2017,Rajkot,2017-04-29,Gujarat Lions,Mumbai Indians,Gujarat Lions,bat,tie,0,Mumbai Indians,0,0,KH Pandya,Saurashtra Cricket Association Stadium,AK Chaudhary,CB Gaffaney
35,117, Australia,3,1,"Melbourne Cricket Ground, Melbourne",Away,2016-01-17,Lost,2017,Chandigarh,2017-04-30,Delhi Daredevils,Kings XI Punjab,Kings XI Punjab,field,normal,0,Kings XI Punjab,0,10,Sandeep Sharma,"Punjab Cricket Association IS Bindra Stadium, Mohali",YC Barde,CK Nandan
36,106, Australia,3,2,"Manuka Oval, Canberra",Away,2016-01-20,Lost,2017,Hyderabad,2017-04-30,Sunrisers Hyderabad,Kolkata Knight Riders,Kolkata Knight Riders,field,normal,0,Sunrisers Hyderabad,48,0,DA Warner,"Rajiv Gandhi International Stadium, Uppal",AY Dandekar,S Ravi
37,200, West Indies,4,1,"Sir Vivian Richards Stadium, North Sound",Away,2016-07-21,Won,2017,Mumbai,2017-05-01,Royal Challengers Bangalore,Mumbai Indians,Royal Challengers Bangalore,bat,normal,0,Mumbai Indians,0,5,RG Sharma,Wankhede Stadium,AK Chaudhary,CB Gaffaney
38,211, New Zealand,4,1,"Holkar Stadium, Indore",Home,2016-10-08,Won,2017,Pune,2017-05-01,Gujarat Lions,Rising Pune Supergiant,Rising Pune Supergiant,field,normal,0,Rising Pune Supergiant,0,5,BA Stokes,Maharashtra Cricket Association Stadium,M Erasmus,C Shamshuddin
39,154* , New Zealand,3,2,"Punjab Cricket Association IS Bindra Stadium, Mohali",Home,2016-10-23,Won,2017,Delhi,2017-05-02,Sunrisers Hyderabad,Delhi Daredevils,Delhi Daredevils,field,normal,0,Delhi Daredevils,0,6,Mohammed Shami,Feroz Shah Kotla,YC Barde,Nitin Menon
40,167, England,4,1,"ACA-VDCA Cricket Stadium, Visakhapatnam",Home,2016-11-17,Won,2017,Kolkata,2017-05-03,Kolkata Knight Riders,Rising Pune Supergiant,Rising Pune Supergiant,field,normal,0,Rising Pune Supergiant,0,4,RA Tripathi,Eden Gardens,KN Ananthapadmanabhan,A Nand Kishore
41,235, England,4,2,"Wankhede Stadium, Mumbai",Home,2016-12-08,Won,2017,Delhi,2017-05-04,Gujarat Lions,Delhi Daredevils,Delhi Daredevils,field,normal,0,Delhi Daredevils,0,7,RR Pant,Feroz Shah Kotla,M Erasmus,Nitin Menon
42,122, England,3,2,"Maharashtra Cricket Association Stadium, Pune",Home,2017-01-15,Won,2017,Bangalore,2017-05-05,Kings XI Punjab,Royal Challengers Bangalore,Royal Challengers Bangalore,field,normal,0,Kings XI Punjab,19,0,Sandeep Sharma,M Chinnaswamy Stadium,CB Gaffaney,C Shamshuddin
43,204, Bangladesh,4,1,"Rajiv Gandhi International Cricket Stadium, Hyderabad",Home,2017-02-09,Won,2017,Hyderabad,2017-05-06,Rising Pune Supergiant,Sunrisers Hyderabad,Sunrisers Hyderabad,field,normal,0,Rising Pune Supergiant,12,0,JD Unadkat,"Rajiv Gandhi International Stadium, Uppal",KN Ananthapadmanabhan,AK Chaudhary
44,111* , West Indies,3,2,"Sabina Park, Kingston",Away,2017-07-06,Won,2017,Delhi,2017-05-06,Mumbai Indians,Delhi Daredevils,Delhi Daredevils,field,normal,0,Mumbai Indians,146,0,LMP Simmons,Feroz Shah Kotla,Nitin Menon,CK Nandan
45,103* , Sri Lanka,4,3,"Galle International Stadium, Galle",Away,2017-07-26,Won,2017,Bangalore,2017-05-07,Royal Challengers Bangalore,Kolkata Knight Riders,Kolkata Knight Riders,field,normal,0,Kolkata Knight Riders,0,6,SP Narine,M Chinnaswamy Stadium,AY Dandekar,C Shamshuddin
46,131, Sri Lanka,3,1,"R. Premadasa Stadium, Colombo",Away,2017-08-31,Won,2017,Chandigarh,2017-05-07,Kings XI Punjab,Gujarat Lions,Gujarat Lions,field,normal,0,Gujarat Lions,0,6,DR Smith,"Punjab Cricket Association IS Bindra Stadium, Mohali",A Nand Kishore,VK Sharma
47,110* , Sri Lanka,3,2,"R. Premadasa Stadium, Colombo",Away,2017-09-03,Won,2017,Hyderabad,2017-05-08,Mumbai Indians,Sunrisers Hyderabad,Mumbai Indians,bat,normal,0,Sunrisers Hyderabad,0,7,S Dhawan,"Rajiv Gandhi International Stadium, Uppal",KN Ananthapadmanabhan,M Erasmus
48,121, New Zealand,3,1,"Wankhede Stadium, Mumbai",Home,2017-10-22,Lost,2017,Chandigarh,2017-05-09,Kings XI Punjab,Kolkata Knight Riders,Kolkata Knight Riders,field,normal,0,Kings XI Punjab,14,0,MM Sharma,"Punjab Cricket Association IS Bindra Stadium, Mohali",A Nand Kishore,S Ravi
49,113, New Zealand,3,1,"Green Park Stadium, Kanpur",Home,2017-10-29,Won,2017,Kanpur,2017-05-10,Gujarat Lions,Delhi Daredevils,Delhi Daredevils,field,normal,0,Delhi Daredevils,0,2,SS Iyer,Green Park,YC Barde,AK Chaudhary
50,104* , Sri Lanka,4,3,"Eden Gardens, Kolkata",Home,2017-11-16,Drawn,2017,Mumbai,2017-05-11,Kings XI Punjab,Mumbai Indians,Mumbai Indians,field,normal,0,Kings XI Punjab,7,0,WP Saha,Wankhede Stadium,A Deshmukh,A Nand Kishore
51,213, Sri Lanka,4,2,"Vidarbha Cricket Association Stadium, Nagpur",Home,2017-11-24,Won,2017,Delhi,2017-05-12,Delhi Daredevils,Rising Pune Supergiant,Delhi Daredevils,bat,normal,0,Delhi Daredevils,7,0,KK Nair,Feroz Shah Kotla,KN Ananthapadmanabhan,CK Nandan
52,243, Sri Lanka,4,1,"Feroz Shah Kotla Ground, Delhi",Home,2017-12-02,Drawn,2017,Kanpur,2017-05-13,Gujarat Lions,Sunrisers Hyderabad,Sunrisers Hyderabad,field,normal,0,Sunrisers Hyderabad,0,8,Mohammed Siraj,Green Park,AK Chaudhary,Nitin Menon
53,153, South Africa,4,2,"SuperSport Park, Centurion",Away,2018-01-13,Lost,2017,Kolkata,2017-05-13,Mumbai Indians,Kolkata Knight Riders,Kolkata Knight Riders,field,normal,0,Mumbai Indians,9,0,AT Rayudu,Eden Gardens,A Nand Kishore,S Ravi
54,112, South Africa,3,2,"Kingsmead Cricket Ground, Durban",Away,2018-02-01,Won,2017,Pune,2017-05-14,Kings XI Punjab,Rising Pune Supergiant,Rising Pune Supergiant,field,normal,0,Rising Pune Supergiant,0,9,JD Unadkat,Maharashtra Cricket Association Stadium,AY Dandekar,A Deshmukh
55,160* , South Africa,3,1,"Newlands Cricket Ground, Cape Town",Away,2018-02-07,Won,2017,Delhi,2017-05-14,Royal Challengers Bangalore,Delhi Daredevils,Royal Challengers Bangalore,bat,normal,0,Royal Challengers Bangalore,10,0,HV Patel,Feroz Shah Kotla,CK Nandan,C Shamshuddin
56,129* , South Africa,3,2,"SuperSport Park, Centurion",Away,2018-02-16,Won,2017,Mumbai,2017-05-16,Rising Pune Supergiant,Mumbai Indians,Mumbai Indians,field,normal,0,Rising Pune Supergiant,20,0,Washington Sundar,Wankhede Stadium,S Ravi,C Shamshuddin
57,149, England,4,2,"Edgbaston Cricket Ground, Birmingham",Away,2018-08-01,Lost,2017,Bangalore,2017-05-17,Sunrisers Hyderabad,Kolkata Knight Riders,Kolkata Knight Riders,field,normal,1,Kolkata Knight Riders,0,7,NM Coulter-Nile,M Chinnaswamy Stadium,AK Chaudhary,Nitin Menon
58,103, England,4,3,"Trent Bridge, Nottingham",Away,2018-08-18,Won,2017,Bangalore,2017-05-19,Kolkata Knight Riders,Mumbai Indians,Mumbai Indians,field,normal,0,Mumbai Indians,0,6,KV Sharma,M Chinnaswamy Stadium,NJ Llong,Nitin Menon
59,139, West Indies,4,1,"Saurashtra Cricket Association Stadium, Rajkot",Home,2018-10-04,Won,2017,Hyderabad,2017-05-21,Mumbai Indians,Rising Pune Supergiant,Mumbai Indians,bat,normal,0,Mumbai Indians,1,0,KH Pandya,"Rajiv Gandhi International Stadium, Uppal",NJ Llong,S Ravi
60,140, West Indies,3,2,"ACA Stadium, Guwahati",Home,2018-10-21,Won,2008,Bangalore,2008-04-18,Kolkata Knight Riders,Royal Challengers Bangalore,Royal Challengers Bangalore,field,normal,0,Kolkata Knight Riders,140,0,BB McCullum,M Chinnaswamy Stadium,Asad Rauf,RE Koertzen
61,157* , West Indies,3,1,"ACA-VDCA Cricket Stadium, Visakhapatnam",Home,2018-10-24,Tied,2008,Chandigarh,2008-04-19,Chennai Super Kings,Kings XI Punjab,Chennai Super Kings,bat,normal,0,Chennai Super Kings,33,0,MEK Hussey,"Punjab Cricket Association Stadium, Mohali",MR Benson,SL Shastri
62,107, West Indies,3,2,"Maharashtra Cricket Association Stadium, Pune",Home,2018-10-27,Lost,2008,Delhi,2008-04-19,Rajasthan Royals,Delhi Daredevils,Rajasthan Royals,bat,normal,0,Delhi Daredevils,0,9,MF Maharoof,Feroz Shah Kotla,Aleem Dar,GA Pratapkumar
63,123, Australia,4,2,"Perth Stadium, Perth",Away,2018-12-14,Lost,2008,Mumbai,2008-04-20,Mumbai Indians,Royal Challengers Bangalore,Mumbai Indians,bat,normal,0,Royal Challengers Bangalore,0,5,MV Boucher,Wankhede Stadium,SJ Davis,DJ Harper
64,104, Australia,3,2,"Adelaide Oval, Adelaide",Away,2019-01-15,Won,2008,Kolkata,2008-04-20,Deccan Chargers,Kolkata Knight Riders,Deccan Chargers,bat,normal,0,Kolkata Knight Riders,0,5,DJ Hussey,Eden Gardens,BF Bowden,K Hariharan
65,116, Australia,3,1,"Vidarbha Cricket Association Stadium, Nagpur",Home,2019-03-05,Won,2008,Jaipur,2008-04-21,Kings XI Punjab,Rajasthan Royals,Kings XI Punjab,bat,normal,0,Rajasthan Royals,0,6,SR Watson,Sawai Mansingh Stadium,Aleem Dar,RB Tiffin
66,123, Australia,3,2,"JSCA International Stadium, Ranchi",Home,2019-03-08,Lost,2008,Hyderabad,2008-04-22,Deccan Chargers,Delhi Daredevils,Deccan Chargers,bat,normal,0,Delhi Daredevils,0,9,V Sehwag,"Rajiv Gandhi International Stadium, Uppal",IL Howell,AM Saheba
67,120, West Indies,3,1,"Queen's Park Oval, Port of Spain",Away,2019-08-11,Won,2008,Chennai,2008-04-23,Chennai Super Kings,Mumbai Indians,Mumbai Indians,field,normal,0,Chennai Super Kings,6,0,ML Hayden,"MA Chidambaram Stadium, Chepauk",DJ Harper,GA Pratapkumar
68,114* , West Indies,3,2,"Queen's Park Oval, Port of Spain",Away,2019-08-14,Won,2008,Hyderabad,2008-04-24,Deccan Chargers,Rajasthan Royals,Rajasthan Royals,field,normal,0,Rajasthan Royals,0,3,YK Pathan,"Rajiv Gandhi International Stadium, Uppal",Asad Rauf,MR Benson
69,254* , South Africa,4,1,"Maharashtra Cricket Association Stadium, Pune",Home,2019-10-10,Won,2008,Chandigarh,2008-04-25,Kings XI Punjab,Mumbai Indians,Mumbai Indians,field,normal,0,Kings XI Punjab,66,0,KC Sangakkara,"Punjab Cricket Association Stadium, Mohali",Aleem Dar,AM Saheba
70,136, Bangladesh,4,2,"Eden Gardens, Kolkata",Home,2019-11-22,Won,2008,Bangalore,2008-04-26,Royal Challengers Bangalore,Rajasthan Royals,Rajasthan Royals,field,normal,0,Rajasthan Royals,0,7,SR Watson,M Chinnaswamy Stadium,MR Benson,IL Howell
71,122*, Afghanistan,2,1,"Dubai International Cricket Stadium, Dubai",Neutral,2022-09-08,Won,2008,Chennai,2008-04-26,Kolkata Knight Riders,Chennai Super Kings,Kolkata Knight Riders,bat,normal,0,Chennai Super Kings,0,9,JDP Oram,"MA Chidambaram Stadium, Chepauk",BF Bowden,AV Jayaprakash
72,113, Bangladesh,3,1,"Zohur Ahmed Chowdhury Stadium, Chittagong",Away,2022-12-10,Won,2008,Mumbai,2008-04-27,Mumbai Indians,Deccan Chargers,Deccan Chargers,field,normal,0,Deccan Chargers,0,10,AC Gilchrist,Dr DY Patil Sports Academy,Asad Rauf,SL Shastri
73,113, Sri Lanka,3,1,"ACA Stadium, Guwahati",Home,2023-01-10,Won,2008,Chandigarh,2008-04-27,Delhi Daredevils,Kings XI Punjab,Delhi Daredevils,bat,normal,0,Kings XI Punjab,0,4,SM Katich,"Punjab Cricket Association Stadium, Mohali",RE Koertzen,I Shivram
74,166* , Sri Lanka,3,1,"Greenfield International Stadium, Thiruvananthapuram",Home,2023-01-15,Won,2008,Bangalore,2008-04-28,Chennai Super Kings,Royal Challengers Bangalore,Chennai Super Kings,bat,normal,0,Chennai Super Kings,13,0,MS Dhoni,M Chinnaswamy Stadium,BR Doctrove,RB Tiffin
75,186, Australia,4,2,"Narendra Modi Stadium, Ahmedabad",Home,2023-03-09,Drawn,2008,Kolkata,2008-04-29,Kolkata Knight Riders,Mumbai Indians,Kolkata Knight Riders,bat,normal,0,Mumbai Indians,0,7,ST Jayasuriya,Eden Gardens,BF Bowden,AV Jayaprakash
76,121,West Indies,4,1,"Queen's Park Oval, Port of Spain",Away,2023-07-20,Drawn,2008,Delhi,2008-04-30,Delhi Daredevils,Royal Challengers Bangalore,Royal Challengers Bangalore,field,normal,0,Delhi Daredevils,10,0,GD McGrath,Feroz Shah Kotla,Aleem Dar,I Shivram
77,122*,Pakistan,3,1,"R. Premadasa Stadium, Colombo",Neutral,2023-09-11,Won,2008,Hyderabad,2008-05-01,Deccan Chargers,Kings XI Punjab,Kings XI Punjab,field,normal,0,Kings XI Punjab,0,7,SE Marsh,"Rajiv Gandhi International Stadium, Uppal",BR Doctrove,RB Tiffin
78,103*,Bangladesh,3,2,"Maharashtra Cricket Association Stadium,Â Pune",Home,2023-10-19,Won,2008,Jaipur,2008-05-01,Rajasthan Royals,Kolkata Knight Riders,Rajasthan Royals,bat,normal,0,Rajasthan Royals,45,0,SA Asnodkar,Sawai Mansingh Stadium,RE Koertzen,GA Pratapkumar
80,117,New Zealand,3,1,"Wankhede Stadium, Mumbai",Home,2023-11-15,Won,2008,Hyderabad,2008-05-25,Deccan Chargers,Royal Challengers Bangalore,Deccan Chargers,bat,normal,0,Royal Challengers Bangalore,0,5,R Vinay Kumar,"Rajiv Gandhi International Stadium, Uppal",Asad Rauf,RE Koertzen
